temperature,vibration,pressure,failure
74.96714153011233,4.399355436586002,26.62410862512809,0
68.61735698828815,3.924633682912769,29.27740664642241,0
76.47688538100692,3.0596303699201743,26.037900395000193,0
85.23029856408026,2.353063222294426,28.4601923518048,1
67.65846625276664,3.69822331361359,20.531926665231072,0
67.6586304305082,3.3934853854217497,31.066468536864694,0
85.79212815507391,3.8951932200277324,30.006027376811122,1
77.67434729152909,3.6351718016819694,25.914556844659046,0
65.30525614065049,4.049552715319335,33.296228342162024,0
75.42560043585965,2.464764788439432,34.68785068813279,0
65.36582307187538,4.317394065634326,21.962200678155128,0
65.34270246429743,3.1975996046923996,26.18637610716893,0
72.41962271566034,5.0752608726252655,26.15428825106351,1
50.86719755342202,2.310812181910432,25.300484494455677,0
52.75082167486967,4.73596380316525,34.14737420965874,0
64.37712470759027,3.197910783462648,29.030869306135983,0
59.87168879665576,2.3485819963855517,28.677425793446947,0
73.14247332595274,2.5161141659456785,19.980688177966233,0
60.91975924478789,2.6796526918056798,33.17709015104613,0
55.87696298664709,3.4241659464019163,23.80370802573264,0
84.65648768921554,3.5228354880354997,30.299663151331643,0
67.74223699513465,2.426299996061421,31.386884689790957,0
70.67528204687923,2.9756454077390173,36.80329297919326,0
55.75251813786544,5.142270358611864,23.45589800440444,1
64.55617275474818,4.727543170100711,14.902439220895873,0
71.10922589709867,3.436323669674032,30.919247723768475,0
58.490064225776976,3.0380034781682004,39.00255590755427,0
73.75698018345672,3.1200313267182613,36.19473176469719,0
63.99361310081195,3.6135179727304165,31.048297076373128,0
67.08306250206724,1.9772074348015944,27.541819071839765,0
63.98293387770603,2.742623462576655,34.03561298318655,0
88.52278184508938,1.3314159261224106,25.132269001477656,1
69.86502775262066,3.3992231226052794,32.3817888467811,0
59.422890710440996,3.647195939702741,32.52735079583314,0
78.22544912103189,2.516813537700626,35.3010495374944,0
57.791563500289776,4.573986763290033,43.79830019455539,1
72.08863595004756,1.7742343369976588,31.962079835893835,0
50.403298761202244,1.5356251197901798,27.455181871462507,0
56.71813951101569,3.224451818559972,29.87212843904003,0
71.96861235869123,4.047098302612154,21.15462047555441,0
77.3846657999541,4.6839276914578685,26.52643434455471,0
71.7136828118997,2.5411157371310598,27.95358780943448,0
68.8435171761176,4.078680833431296,27.379558010327038,0
66.98896304410711,2.9614915304992926,30.76177436016861,0
55.214780096325725,2.8273727000591804,25.887900338088997,0
62.801557916052914,3.8836599374866725,35.60515333662236,0
65.39361229040213,3.6523228784134196,30.001035324590987,0
80.57122226218915,1.4236078430157506,29.953498394306926,0
73.43618289568461,4.476540349725896,28.36052641743541,0
52.36959844637266,4.380091354147451,30.775953419294897,0
73.24083969394795,2.3744372984904705,34.125491323338174,0
66.14917719583684,3.395803533437409,25.664348921445498,0
63.23077999694041,3.494030186282739,26.709417554623716,0
76.11676288840867,3.260673765823907,28.481369856116675,0
80.30999522495951,2.4496948461545798,23.270645382633926,0
79.31280119116198,2.3283766320619486,25.903710701392512,0
61.607824767773614,2.9744459290085548,27.618895632276704,0
66.90787624148786,4.172729019259364,34.371945903563635,0
73.31263431403563,3.5436001545944324,31.312806645009626,0
79.75545127122359,2.629385667913894,30.967949556837723,0
65.2082576215471,3.771698710648345,34.25448981083986,0
68.14341023336183,0.15145737936992454,29.313141058003016,0
58.93665025993972,4.1487657003721035,31.952324249644448,0
58.037933759193294,1.2602862212219004,29.48389123533752,0
78.12525822394198,2.637559058596868,31.326811746998143,0
83.56240028570824,1.8803301053738561,27.08620671194209,0
69.27989878419666,1.7053185242790942,17.805914208617857,0
80.03532897892023,4.16082678737852,29.32860418906848,0
73.61636025047635,2.5322987986881085,37.1137406804997,0
63.54880245394876,3.346503881730716,34.631077011207964,0
73.61395605508415,2.953079421120816,34.82698742295585,0
85.38036566465969,3.4770408272231217,36.18065360903109,1
69.64173960890048,3.076821891060255,30.443287954807186,0
85.64643655814007,1.7170077758114304,30.986578537027977,1
43.80254895910255,3.99626681944714,26.91174052282825,0
78.21902504375224,2.5062434168386876,28.41963571986475,0
70.87047068238171,1.443418101340249,33.07885574885571,0
67.00992649534132,2.5718848390340874,36.01942218584408,0
70.91760776535503,4.50075979063431,29.302768621595003,0
50.124310853991076,3.8502217421134928,27.749053675742942,0
67.80328112162488,2.651347865592141,30.002639794282988,0
73.57112571511746,2.6507422956815714,33.00603374464558,0
84.77894044741517,2.6783649487826175,22.78072591933229,0
64.81729781726352,5.076747983560841,18.51909523431381,1
61.91506397106812,3.3819354522315535,27.247315752542082,0
64.98242956415463,3.4300416471910697,23.896437870429207,0
79.15402117702074,4.030283454031842,27.459299011763445,0
73.28751109659684,3.2387891590265134,29.26109840591264,0
64.70239796232961,2.740957854179297,27.733757954884933,0
75.13267433113356,2.8036501509150216,37.26233767235372,0
70.9707754934804,2.928398740585936,31.6337238230116,0
79.68644990532889,2.962777763490158,31.502371798054142,0
62.979469061226474,3.7276295436369797,33.11103572021701,0
66.72337853402232,3.0519458858072994,24.305834411096154,0
66.07891846867842,3.732640077215579,35.195558937101346,0
55.364850518678814,2.9192834198914177,29.6211785673227,0
72.96120277064576,3.0786351903160907,33.35240308620606,0
72.6105527217989,1.0017993154678924,24.64071383479922,0
70.05113456642461,3.9163276747024813,22.23120616991968,0
67.65412866624852,3.346488475897993,34.08944829012514,0
55.84629257949586,3.9980101098596523,31.882047630487584,0
65.79354677234642,0.10374462180631072,25.48974222821245,0
66.57285483473231,5.088374704780728,25.651684593626527,1
61.97722730778381,2.8604103718448264,35.62717392207385,0
68.3871428833399,4.108182816737516,24.05294053566336,0
74.04050856814538,1.9600940728744691,38.21336476627982,0
88.8618590121053,3.6127739050625696,25.496896326760655,1
71.74577812831839,1.9465844368263439,33.191959628041914,0
72.57550390722764,2.3762310393041948,28.356907621255075,0
69.25554084233833,4.914031353866786,33.01593715541171,0
50.812287847009586,2.8093175992366533,27.279429989429037,0
69.73486124550783,3.217432873179723,29.18603546963853,0
70.60230209941027,3.870067730688754,30.204595876978605,0
94.63242112485287,3.4956818879726046,24.989062721092637,1
68.07639035218878,3.1504189051435763,33.70412172710063,0
73.01547342333612,3.3649610024662255,27.433932167642073,0
69.65288230294756,5.403415585238275,28.857000423299908,1
58.31321962380468,2.9423812029664145,25.028253126957438,0
81.4282281451502,3.2010990467149676,17.188331706023448,0
77.51933032686775,4.050654396007612,29.044861186999157,0
77.91031947043047,4.105525932957984,42.063077108064576,1
60.906125452052606,4.187030305560381,33.92302143949012,0
84.02794310936099,3.6387302220291846,29.903698101328025,0
55.98148937207719,1.8569950872695165,28.68554585395866,0
75.8685709380027,4.6334315323010955,30.11232946406023,0
91.90455625809979,1.853654606981312,32.73559557587605,1
60.09463674869312,3.302635465239033,24.095935923455777,0
64.33702270397228,2.245724149980642,35.57160847334436,0
70.99651365087641,2.9358616534070077,33.57690657720622,0
64.965243458838,3.3287624103034803,33.59092862853967,0
54.493365689338674,3.321357215450273,32.192378694048635,0
70.68562974806028,3.421920754235285,30.09808328846995,0
59.37696286273895,4.613711269058647,33.3643061798341,0
74.73592430635182,3.45353430151398,32.95907066870689,0
60.80575765766197,2.755843364709351,28.22979644529488,0
85.4993440501754,3.964087168288357,27.131991135515495,1
62.16746707663763,4.18947048892464,30.509281476309933,0
66.77938483794324,1.7723921848630075,37.74510075747594,0
78.1351721736967,3.597400069849858,23.804464621730496,0
57.69135683566045,3.701172742310898,22.662373671237802,0
72.2745993460413,2.702436496640008,30.823804206182583,0
83.07142754282428,4.37570681331162,30.25443850928009,0
53.92516765438772,2.8499444129674734,30.86670832185204,0
71.84633858532304,3.1255764534715422,31.219765989542502,0
72.59882794248423,2.82692817571613,28.883988726825976,0
77.81822871777311,3.0155790475814674,37.44931719301041,0
57.63049289121918,1.9037249131047982,21.99548010761742,0
56.795433869157236,1.5599491174057056,25.85751487609877,0
75.21941565616898,4.594505063224972,29.483726199254765,0
72.96984673233186,2.153038651681672,21.784055944229163,0
72.50492850345877,2.0086076505436927,29.120727977839643,0
73.46448209496975,0.8466098863962852,38.30735082864009,0
63.19975278421509,2.3610382523104976,30.10443244147981,0
72.32253697161003,1.6769102065925017,31.153504528593416,0
72.93072473298682,4.642015160136369,23.6991761741371,0
62.85648581973632,4.009817089342635,26.918192959802614,0
88.65774511144757,2.311849654822276,28.124018098380315,1
74.73832920911788,5.252435805344309,28.41142451621883,1
58.08696502797351,3.9817654869915944,36.40821897501884,0
76.5655360863383,2.6751686164913777,32.788455303625625,0
60.253183297726785,0.5005942851264269,24.44271021531484,0
77.87084603742451,5.290942572590742,31.232523892160025,1
81.58595579007404,1.610427533236404,32.491108742483924,0
61.7931768164829,1.3546012530431082,35.700745192606334,0
79.63376129244321,4.0225704320096405,37.90270343284187,0
74.12780926936499,5.439752406339273,24.924529040860655,1
78.2206015999449,4.384272818510518,25.94571244394831,0
88.96792982653947,3.56390912005236,23.71211070542692,1
67.5461188399713,3.594754341665286,28.829900704465093,0
62.4626383564251,3.853415558780308,32.331791872231676,0
61.10485570374477,3.7589285897867653,34.93667258294551,0
61.841897150345616,3.281191423969376,29.620244881787386,0
69.22898290585896,3.104201103951876,28.40076238372578,0
73.41151974816644,2.937406872100478,30.758789961243703,0
72.7669079933002,2.246035411133324,25.824285491849885,0
78.27183249036024,2.719324923133226,40.44769360847387,1
70.13001891877907,1.3070431858046145,21.961694864409708,0
84.53534077157317,2.90166037320525,30.923702894478623,0
67.35343166762044,2.0114088928490825,40.1180310961482,1
97.20169166589619,1.896410682784229,30.033999222799988,1
76.25667347765007,3.1798941511534786,29.049804824992528,0
61.42842443583717,4.392002286344599,28.212772885947864,0
59.29107501938888,3.918316606002313,29.09804159118796,0
74.82472415243186,1.429499396376823,36.86424237338265,0
67.7653721467415,2.0103718634296626,18.940690443352466,0
77.14000494092092,3.940771187988216,37.66716850648163,0
74.73237624573545,2.0175126064616906,22.880214237749275,0
69.27171087343127,2.7753668500029756,28.666738353827927,0
61.532062819315954,3.550052099024552,27.853777898506692,0
54.851527753141355,2.0316555451363647,32.942766348853596,0
65.53485047932979,3.10537550614596,22.009378240581263,0
78.56398794323472,1.6659745050817956,32.31086333040972,0
72.14093744130204,2.398632356048786,40.12154811643426,1
57.542612212880115,3.319781934142537,23.184129977035948,0
71.73180925851182,1.4070062664683307,30.94853083805198,0
73.85317379728836,3.440474737960399,26.690089111016956,0
61.16142563798867,2.980362201073319,32.12943603096518,0
71.53725105945527,3.5524899544171475,30.09573888707876,0
70.58208718446,3.2239141340646613,26.79256545477845,0
58.57029702169377,4.364140429973844,32.43936142435537,0
73.57787360348283,3.125224502647907,39.021740548933714,0
75.60784526368235,2.570594458874747,29.045481041363505,0
80.83051243175277,3.122297503032284,33.59878971074091,0
80.53802052034902,3.543298029036388,23.53363521064418,0
56.22330632042909,3.0488600703257043,25.217818115909957,0
60.62174960084877,3.040591691203882,32.362031389401885,0
75.1503526720866,2.298008312193245,37.420580142679825,0
75.1378595091221,2.337099082449052,31.7780667439283,0
75.15047686306048,1.5973947282003065,28.434709847384227,0
108.52731490654722,4.749576743186939,29.99645702711677,1
75.70890510693167,1.756136764608715,23.747961330151412,0
81.35565640180599,2.3070948022040927,33.022576631776836,0
79.54001763493203,2.2815927344308027,34.41166531161704,0
76.51391251305797,3.8949243769444415,27.7395483358346,0
66.84730755359655,2.705050321707972,27.649789261202493,0
77.58969220493267,4.247742072673734,31.329391148260243,0
62.27174785462428,2.3265093757561317,27.816401319797023,0
67.63181393259991,3.278994162223802,29.669336926870887,0
65.14636452170896,2.164652946740243,40.49860894583258,1
70.81874139386322,5.145149127773388,28.76487149627002,1
93.14658566673509,1.8124015809704872,28.20829923989389,1
51.32734807408252,3.3098207102270276,26.762290971824203,0
76.86260190374513,3.6337768809320985,33.720959857499686,0
53.87284128810349,3.4137990974514985,29.093879133909486,0
65.28068134210567,2.814712341122292,26.753134808392872,0
80.88950596967366,2.8701793002665736,36.60652016136506,0
70.64280019095463,3.0438114719791094,37.098015022568184,0
59.22255222070694,2.8529979983715115,26.997882171306475,0
62.84696290740032,3.9638791167949097,20.66730024319692,0
76.79597748934675,5.210523001591351,35.03756844918461,1
62.69633368282864,2.4425082149921664,26.57685087119998,0
72.16458589581976,1.6301970204209222,33.953127995813844,0
70.45571839903813,2.911717951648745,20.149480911440822,0
63.483996523941826,5.579709337654318,34.462986691496546,1
91.43944089325325,2.196325432030269,23.944140353596094,1
76.33919022318011,4.6391168054440675,33.653820595332625,0
49.74857413342393,4.677700814076441,30.071365339182172,0
71.86454314769428,2.4464117582920055,25.230302903016778,0
63.38213535231612,3.5689830791852755,27.964818435366098,0
78.52433334796224,4.628396623128538,33.431592284783505,0
62.07479261567299,2.620872259012513,30.52947226557617,0
68.85263558533102,2.796419639897638,32.92206490236242,0
75.04987278980457,2.418319086051356,39.88220292257743,0
78.65755194170121,1.9852432693071331,22.178791941444743,0
57.997035929442234,2.350722454933993,38.08606287484312,0
66.65498764159051,1.7760597332377435,30.521779687616064,0
65.25054688839043,3.034083468259226,25.50607975838436,0
63.46670767426288,2.230026768941358,23.348431871305053,0
87.65454240281096,3.233785911790748,29.054398046114834,1
74.04981710960955,1.4441043537963727,34.6082505596223,0
57.391160456649544,3.330880232214457,29.362254398112327,0
79.17861947054776,3.8335289616089248,37.55577465123674,0
91.22156197012633,1.0062643574285446,22.744121549742204,1
80.32465260551147,3.374056569847572,29.939555260769726,0
54.80630034045987,4.227668992473292,23.738032777934404,0
65.15765927133748,1.7903589813087946,31.81815941312484,0
82.66911149186623,4.672572386837704,34.4344369504865,0
62.92330534381219,3.4190190093660453,27.896191031594732,0
74.43819428146229,2.294988144241591,16.97893071686433,0
77.74634053429337,2.9442309223422938,30.99474073398247,0
60.730695284219166,3.5583269125217223,32.18369275866755,0
69.404746439382,3.0760053914124117,32.02147377480849,0
37.58732659930927,3.538755992446369,36.17891095911077,0
59.756123586657104,2.0793264069206336,24.644731601754756,0
67.4743184860684,3.1693608240360778,33.40108052725225,0
57.52216818035151,1.5862855030950198,35.962537562389876,0
86.32411303931636,2.8887739386513,21.107062079967417,1
55.69858622039367,2.09609235853521,31.598259129594886,0
65.59955513303017,2.264470057410233,27.479100844961643,0
71.30740577286092,4.236093175210438,29.59238663449177,0
84.41273289066116,4.091310120594269,31.738382417691682,0
55.6413784882056,3.609138120907177,27.56385717943224,0
81.63163752154959,1.907687235327421,26.62145960419194,0
70.10233061019586,2.683591550305198,30.170762087440124,0
60.18491348952049,4.213097699979183,24.563770305685985,0
74.6210347426327,3.141716913639905,24.570874355574073,0
71.9905969557347,5.319329539981695,33.396866414782515,1
63.99783122841205,3.393317839394372,24.25602982420672,0
70.69802084990019,3.1920491164900318,33.331562504546056,0
66.14686403138239,2.6908835357974987,32.31295646426975,0
71.13517345251248,3.1335409047822824,21.370966356047017,0
76.62130674521046,2.847530163619456,26.612176738321725,0
85.86016816145352,3.7081086766885907,35.97054701523686,1
57.62184501173151,3.9567023167945843,25.09417234430159,0
91.33033374656267,2.2140105394920506,27.677978688453063,1
50.47912200477498,1.668767046442222,32.31030446625948,0
68.48214904964416,1.1637946268967034,33.91695254641298,0
75.88317206484577,3.507991326912544,28.74230556977752,0
72.80991867735032,1.8966333938261264,27.01244902654179,0
63.77300480179406,0.8471094070475171,37.11184930849254,0
67.91877749642725,3.3885786045309643,38.6944983189879,0
65.06999065341168,5.492999517432791,34.89429025390898,1
64.10635243055789,2.993929088460107,30.42659071282512,0
78.49602097021025,3.8384907744516417,25.95867139179537,0
73.57015485965047,3.081829358547565,25.847777967217173,0
63.070904047393455,2.9011103468088573,32.61257052632879,0
78.9959987543325,3.9190764829877685,32.091991104443416,0
73.07299520876609,2.709725455811349,37.007992964732146,0
78.1286211883896,3.267392314071903,33.25225046268069,0
76.29628841923612,3.3216978061960134,22.48459849120091,0
61.710049890779274,2.3319095463569512,35.25973808861459,0
64.3981895980303,3.992042349536523,25.009696863427934,0
77.47293605123262,2.825040243304591,28.08014364023824,0
76.10370265433465,2.244254840507155,31.251001031258472,0
69.79098406035853,3.5365098435704034,39.978337448919824,0
71.17327383308782,2.101532018208963,45.549592780026806,1
82.77664895788425,3.0281811573691284,33.03361529568092,0
64.0842861116417,2.9908810033557964,29.084016906398062,0
75.47097381170038,4.085895565831578,32.67252824240275,0
67.97807347566106,3.4746982328799527,34.43827712936918,0
67.82318796772779,2.9749730412548563,28.396661872214043,0
80.9877685198719,3.817766299200287,38.97605677956161,0
78.2541634898803,4.390207549017314,31.15035379595701,0
78.13509636000639,3.557810306351862,32.48871544545697,0
83.05478807154329,3.0103526198433808,33.329621260272305,0
70.21003841632759,1.6881637676498404,32.10793305307228,0
76.81952971294965,1.9348863369246274,34.194702502348065,0
66.89733243406543,2.694775295645332,26.913734067265384,0
73.24166352488442,2.390487797840717,27.208491230269846,0
68.69856945632316,2.813028697014554,24.499228835141526,0
70.96995964992718,3.056649924897107,32.19750615310113,0
75.95157025436913,3.5296927543567307,33.89468251756057,0
61.81779316766527,2.929501221940909,32.28886433075943,0
90.9238727568546,3.4865016438262018,38.37246216673769,1
59.93982618500298,3.06447441481012,29.97201990585477,0
57.85811387212268,1.0245334336461287,33.34370827796256,0
81.58110873500068,2.0606646061812457,24.54149561930343,0
77.91662693962935,2.8559124442783848,28.064501487627997,0
76.24119817052156,1.7903052571588924,33.47768878782889,0
76.2834550926428,3.5999287299962046,34.24551055371572,0
69.87753227153085,4.530750832343697,28.530165261679088,0
61.02745628514168,4.218761851697317,29.642003740709665,0
70.75804558193727,2.786557129069792,22.410631266595953,0
63.22838288487888,4.490726136849952,28.214853995966955,0
79.7511973341775,3.1486674572021114,34.45191581759893,0
68.52942618497862,2.6629140288819606,32.876025080532834,0
61.745028032074885,2.3865973364590602,32.503328606906045,0
66.78614158347007,2.6975303135118716,30.2488684359048,0
74.12931454275625,2.6118231814587713,30.03531579314088,0
64.36275447196026,3.1704162223754877,26.698394302632764,0
61.77779604433569,3.1605739810498648,33.49414210101267,0
72.43687211491913,3.0030460201534144,32.104864721946946,0
72.44966571108722,3.43693816974635,32.46009423996399,0
64.9305682462887,4.190646274786341,27.369825786662098,0
65.28961694381677,3.949554135441324,19.23328540064378,0
72.32049937357637,1.5151020315500965,35.485763558768475,0
55.51915658502676,0.4460788650980452,27.605812719957978,0
55.92536225623445,3.9343199112392737,25.686121179784397,0
62.81555778747564,1.633121301584579,33.46739455956997,0
67.86552848288153,2.7752345981073163,28.03993680040435,0
73.10907565598005,1.8298869739406405,35.29968192023311,0
84.75356216949552,1.1980195624199803,33.08502974788349,0
78.5765962320202,3.541462728204788,33.417846616002386,0
68.40061470036574,3.759155160302647,23.170221443997328,0
69.80983792097311,2.423489599273281,36.059719926932004,0
59.97470635362191,0.4089577078550901,31.30625265616928,0
69.8148686400761,2.453755551747517,28.153614303768983,0
67.11341361079862,3.3918040054025465,30.716942336711256,0
73.22718560338089,1.5210884312258712,21.1188238355084,0
61.727690564476774,3.1833599197791558,32.043264057403356,0
75.19346514241172,2.9846901508270043,24.853142459089643,0
85.32738913002578,3.5792914996010885,23.23664857078233,1
68.91239851543142,3.1195803684141534,22.388204068910547,0
74.01711722098942,2.0269310591184446,35.563441874949625,0
76.90143991711112,4.196571501664492,26.853683031536058,0
65.98779528114164,2.84147042697303,37.6686385495825,0
72.24092481810416,2.972695460490068,27.32099268473851,0
70.12592400781794,2.066732040926804,21.463210212035264,0
70.97676098548831,2.55671774880849,24.417377800256705,0
62.26990216144534,2.115197285973099,36.179058100034695,0
70.24510174258943,2.827053940076577,29.220509110316662,0
74.9799829124545,4.7117084801423434,27.258563517546996,0
84.51143607795042,1.6280988570686437,30.80009112926394,0
79.59270826085206,1.3864386021232589,32.50891368083772,0
91.53182457511556,4.471170327493608,35.5869940795123,1
62.326524371119504,2.790676322848134,37.24249614946463,0
78.72320636720679,2.3309272613400833,28.20115677105457,0
71.83342005738352,4.039904687396076,23.36976156958981,0
91.89802933217672,2.3943844602631357,27.93267419438362,1
61.91701714644849,4.826009713546936,31.30140253291443,0
61.602781578192236,3.6779258713392693,25.181205368946944,0
64.00607354555977,2.5120885918542974,25.214245425524787,0
48.76104275690193,5.1573082132655035,31.718939407749428,1
64.74244978319238,2.3942850769966615,29.756738242147744,0
62.40867338446302,3.742095372009307,30.163984977057932,0
71.50393786476208,3.299292580406492,26.207523326499654,0
73.4175597577716,4.301741289398798,28.847996428971165,0
88.76170839215887,4.561511196726853,25.378834278658477,1
79.5042383818605,3.0320041490657665,34.450992055623935,0
64.23096344337597,2.2465821296538167,35.17624667361876,0
61.01585328651642,3.4599721429391166,20.76906068880953,0
74.91919171506505,2.3222846302478937,25.35244569903795,0
56.797667929793576,5.013387247526623,22.517353724549604,1
88.31458765854353,3.1365353310827375,26.74988032796551,1
81.79440120721287,2.6346784486878914,29.582810151048196,0
65.30824347895295,3.1846803058649082,22.75177390150735,0
52.868654709091224,1.6528737104703035,25.390700934373434,0
83.53872374165412,2.0283859614893487,24.980213139592507,0
68.85460154747382,4.200413907944426,31.03633664699472,0
82.37816311973462,2.3431057210286044,30.34672168518125,0
54.05572341205633,1.9530890173180604,26.391312233313734,0
64.00624977046228,3.536652752527286,30.88410436069699,0
70.05243699718183,4.1857041546629965,27.266599577063673,0
70.46980593764742,3.718953310665067,28.641724448369732,0
65.49934528520757,3.9960476858058165,38.36726045149268,0
76.22849932347499,2.2432049114305395,36.70230525895174,0
59.32379570617405,1.5781893332581562,23.502093815362013,0
68.57620514978707,4.501333651955487,34.14866208939587,0
71.20295631711899,2.6773201611578643,34.05698277245796,0
75.14438834058748,2.749166983544953,24.25868355623691,0
77.11614878088889,4.328194141849058,34.0938882187743,0
58.75357908162131,3.55623000940066,37.68965959206277,0
54.65885829264378,3.4558877720816077,24.38727596877793,0
82.7767682189851,5.165002344901084,25.412485894928682,1
73.32314011979592,2.3564817696198572,35.08830733421751,0
62.51513463443446,3.927840128081237,31.35747655412824,0
85.51151975522524,3.0570131248970847,32.757381376197614,1
71.15674634292859,3.268592278863257,31.702946082002484,0
81.79297184063826,4.528468426412532,31.95347960464072,0
70.67518481410109,3.507835756289624,23.367639358444585,0
90.60747924881987,3.538296079049633,35.23658853310724,1
87.55340842443204,4.072507337309802,35.84794996213887,1
67.51035851520926,2.6350472704571146,28.85304627965986,0
79.71570950954356,2.1607903326609934,29.78261525093069,0
76.45375949585147,1.9551908059789664,22.34446248722139,0
83.68631557532349,1.0336434106239982,32.57127378008917,0
60.35076539419896,5.056207129940322,32.86028720857072,1
76.8605145999844,1.8967916342783169,29.689044915003446,0
80.58424486849587,2.778746376414228,35.621766799352514,0
52.41260513576886,2.7231867001110794,28.329613845100297,0
58.16741487334225,3.3074066978091006,32.823029629468,0
49.607678222398995,3.8157372125392968,24.901678306539424,0
67.30593165555442,3.8604734883597454,29.88223924562881,0
77.17542255795962,2.4169225614310617,29.12822871048582,0
85.02357052096028,2.8328782862135884,31.12653961020471,1
70.74094780419775,3.2825799504882998,28.152365355833208,0
86.28615545571292,2.751308873816453,29.34263702164166,1
56.198985417851084,4.607345576019993,34.13023585720753,0
52.96617560644845,3.4909749516382513,27.81617881380891,0
69.44452301103381,3.7348777860498172,21.967114496306603,0
73.84065448939307,3.662881268667413,38.7479195210271,0
69.67305251905907,4.173473857485325,36.907270393452436,0
49.325578999601234,3.1810215587037067,23.538686524471906,0
69.10879960487212,1.7031680520441534,33.44853902622597,0
56.95530499495147,3.3996879517526417,27.485126147243285,0
76.69672548830039,2.348643106208171,31.317436076655298,0
73.66598246096848,2.4713833182502434,31.47112064506747,0
60.60120213672645,3.586364018755093,28.82796099841839,0
64.86133082663306,4.238283071433636,26.081171672068017,0
59.40786478111048,3.0212715767360616,26.547294738418703,0
69.37320902726829,3.3088330125989636,25.41904042259379,0
79.55142320501238,4.702214944635238,25.840888958847778,0
60.14273953664456,3.2407531794885682,29.664108549753223,0
75.04046515517844,5.601683114180394,26.421200054446242,1
64.69742381627559,3.5655096456315443,33.4102603285631,0
62.07127167737656,1.2392372408441823,37.436230776679636,0
68.92969640045442,3.7533416211045325,27.099733793149785,0
59.64757677580626,3.3811583848827778,31.197022502676884,0
64.46350694652818,4.289752754082746,32.49842555151467,0
58.021221074111516,3.6731813512699585,32.360011354596374,0
89.6472513291639,2.861544016016226,30.379776339580438,1
70.35263551971728,1.7757017637106343,33.71341209179861,0
63.00274492007414,2.790976742713975,32.41124476340329,0
72.13979910734221,2.1494795457907,23.81168788836351,0
68.8767195030917,2.4194765501952773,34.345780321946364,0
67.79030400466777,3.5885784044206095,34.43645418633371,0
76.14166700043425,4.669904504351406,26.183569479107092,0
77.57507710047305,3.3946715298229813,30.18968917723801,0
64.69498852389472,1.8041169379648156,33.416644964055344,0
64.2418175935532,3.4446026682201407,28.953430902103193,0
67.24948302848355,4.196631486645651,35.36489023883006,0
46.980788352644154,2.390217095680618,41.8193624730968,1
54.84808937801448,2.8659828333270823,26.070069836825088,0
83.66874267444524,3.0146881947291972,23.094776984231125,0
86.44967713501283,2.2151016869177598,31.51909297802438,1
67.50963960443622,3.6482804338438592,33.60781252563072,0
75.76556963055766,2.8790518513922185,28.845668130776154,0
73.11250154543536,3.419532443907028,37.266303316605175,0
100.78880808455239,2.1125078221979,23.306971001383758,1
81.19574911434577,2.5625416996765895,33.46459311515805,0
68.72082408519233,3.7223813578277714,26.970695896205534,0
60.44459559399574,2.627166847908233,38.59688953103648,0
53.93553679742428,4.726963851233405,39.962576765840595,0
72.03463635867223,2.6003638143853975,26.16671706108326,0
62.436492547156966,3.224684725751886,27.2522143204571,0
55.77746290402326,3.9325908318730898,34.29793943489901,0
63.534271157574736,1.5816342670669683,28.064346751052426,0
59.18451996385605,1.2391911880192241,29.77294391033881,0
86.87141635072564,1.4743436854299052,30.12694210271205,1
78.81639756949451,4.262584103427182,20.40163421901172,0
69.92027358683383,2.4481418541075533,29.930811269528814,0
84.79944138890026,5.558199285668252,26.55136112967913,1
70.77368307647619,2.4357524013426115,27.53438588800114,0
61.38715798671736,3.184551303197037,37.21816001734407,0
85.23124077269657,4.542109952567875,23.717465528603718,1
75.38910043684659,5.006092888159123,34.06602593373989,1
59.62753845673544,5.061503576636397,28.605185348340957,1
68.09661321916391,4.208366230593143,28.601199157520828,0
61.24381746615243,4.024062525811463,33.951859480258555,0
56.172002690356635,3.592526949201183,31.70025647284445,0
79.26177547531641,3.7783610761666377,32.85306498609766,0
89.0941664047013,2.4488142836714664,34.84092330266431,1
56.01432426180859,2.181801116577693,28.343458084083387,0
75.62969236690572,2.996625542589048,26.938816327461247,0
63.49357430878173,2.8298153774750716,24.574247367211008,0
65.12874616235304,2.5467719506727247,25.872947350105225,0
64.07606075761132,3.6963874474567153,44.745472126543625,1
61.36009230320184,3.9553052085705107,36.22339790368393,0
70.48521627944827,3.0884068862918475,23.244628168959892,0
61.69049883588962,4.477530081055262,23.38771021628215,0
72.70456825779839,1.858310885866495,32.40933030859246,0
69.49761890550863,2.806340540720282,32.736323986889836,0
67.6105195313359,2.283177679397195,32.744419176586824,0
60.92436337958402,1.13346338292694,28.72522103223151,0
64.23228669431667,2.9173193141573006,29.372728699985498,0
77.55391225825755,2.8782524916167165,31.639397620796785,0
75.00917187624381,4.5134497432421306,30.429465031466652,0
60.22444755201449,3.6308116845547778,18.903498136262325,0
70.99332305429226,1.975813175670795,28.85100184712403,0
77.5138712337179,4.854092566334188,25.742967828698433,0
53.305947188786284,4.221033695525353,30.87605709454256,0
75.43360192379934,3.582097703468616,44.926295013017054,1
63.37376241054153,2.773515901150168,31.83740832737152,0
75.70598668593159,2.0405607632765204,28.43235156913801,0
62.367408434574834,2.627793223928947,34.60900750988626,0
51.95117899335481,4.088748619704186,32.41343943604606,0
53.72457562116837,4.884586305934609,32.100472452259204,0
70.48084946661382,4.543243528272189,33.034252966078355,0
72.59722501721483,2.511150578213726,40.28271782414771,1
60.956833748955916,1.8803825667109888,24.34555782337042,0
76.38592458777374,3.140886246911204,32.36816038405727,0
53.3847993773104,1.2315606344371484,25.368094350092306,0
69.33920201352683,3.3231677141847813,32.77756323171124,0
57.889838002375434,2.8523974137013313,25.40656744256953,0
63.48163892197841,2.5339634981317576,27.91316593197458,0
70.47398671316414,1.4052969327332046,28.524550428810468,0
61.39586634716048,3.5136001065697164,34.87908359672355,0
66.15444455770175,2.4672991603380887,34.59227221971207,0
80.0629280921444,1.830083164289712,23.771413117768077,0
64.23108130476851,0.12773778671835068,30.274670554999243,0
78.35692112065142,2.9724850949493637,26.452100726254137,0
58.702931453423815,4.772251596669744,23.707475446623327,0
75.29804177915283,4.66125921454787,28.914914747878147,0
84.41568620657901,2.5429037434137283,28.457586057720903,0
45.283554998727105,2.3977879396382193,42.13358243172761,1
62.03104744529523,3.4687742560750237,32.16479912680348,0
75.7707212718054,2.0016145608117086,23.111912496228815,0
67.96954613957007,3.3017918998194657,27.176129979145287,0
73.71145873371309,3.76608027838469,35.106916477146996,0
63.960148132841795,4.226933223884307,40.442213864349625,1
70.865897874729,2.899845923520047,22.070083438810208,0
68.44322764607921,2.796326249823034,20.600378074304775,0
81.67782061659807,2.122017413243439,39.35482587685891,0
72.54420843301213,2.17311964596014,31.94807088685452,0
73.37602662075201,2.7735211080984734,25.65853634061817,0
65.88123033877532,3.367365506816178,32.67314543061217,0
65.12393775927507,3.9135846262332494,16.82126130491561,0
65.6744181218038,2.196821049319655,30.016877532985806,0
73.94452142378297,4.4926885689595215,31.639105864215427,0
65.79015519179737,2.728876398957431,34.62135069768915,0
72.89774856896413,2.978632705651564,24.930520238537312,0
90.75400798645438,2.2527883208521766,30.428435807016797,1
78.71124703431693,0.5757597397270584,25.37287686970206,0
66.73976467832159,3.8840453963610497,31.276918778371584,0
82.01213922163944,3.7368438970924336,25.52326838818488,0
65.91924626978448,2.7186724428817866,27.959495804198898,0
49.61875464822146,3.066990717224872,25.020923026048855,0
59.91913689082596,3.5159392177040996,33.255681209118286,0
51.29208078974145,1.4374541431134573,34.29225558328333,0
66.48486515958692,2.4709473226537053,28.826897150212933,0
70.18418379189552,3.7942646796218273,30.191189974800142,0
86.76437312275283,1.7457105768307506,22.75704292683228,1
73.26927373764163,3.293557932166629,28.501616759966065,0
67.80899471191135,1.643418195376595,29.748976914791275,0
78.2940558118349,3.4664299824335263,43.103965455149876,1
47.88864690992115,2.9643585177025162,24.440164871129184,0
72.35614558108566,1.3848681840944905,37.320886193762185,0
77.70865193886966,4.164739354457171,34.98429386732904,0
55.214137542201584,2.2654084232019507,31.403182022450682,0
81.43754043206928,2.189747562985619,38.79310242097567,0
73.38496407494414,3.200569197230943,31.860527363034315,0
65.84712086099199,4.148637349428715,31.945795978339643,0
76.32781866106285,1.984178181021603,29.734396734912274,0
92.70692857804396,3.061679849847972,36.117844412093135,1
71.81866255058495,3.428816500330573,35.482346169054416,0
72.48220586300336,3.693105607263144,26.871613562518938,0
65.40639100459757,3.176441555277225,23.40376402700616,0
61.50155630535208,2.632972160916678,28.985096813021716,0
78.30335816544246,2.1724097793512804,25.999807178011768,0
61.43916174091133,3.0861438830463745,29.682377126923225,0
70.71566237219392,1.927860988014393,36.187190673420695,0
65.22342553234883,0.07864951650539265,27.71349172456605,0
74.78979825746391,3.436559804157668,29.785883093442127,0
73.33662105286949,3.9039348410861954,30.290113674041976,0
80.375399442579,0.6370675644581616,34.24215441102642,0
64.89983601145254,1.9902692952900625,18.765553330076976,0
67.30125064706628,3.619154261005198,26.966498526173517,0
60.21236284217693,5.057495469711698,31.056418461397364,1
65.55706739923889,3.020793707675408,36.00039478213431,0
73.77300493044852,2.2719970587708653,27.540487762468974,0
77.56988616645351,2.81710355889516,20.61723646979063,0
60.77834675822375,4.374876419148185,33.09855722983068,0
78.6960592010566,2.3540358208754646,26.823188055871853,0
83.55637858804951,2.2008079933497466,24.051666704548193,0
74.13434903223701,2.5172564778179676,26.87827305143388,0
88.76795812558066,2.0466713917412878,29.07737321172075,1
62.26210800896427,3.1226703159947955,26.976276677308938,0
57.55345296688583,4.62467845846956,18.972169714504652,0
52.212797510957216,3.3230792731160292,34.48533098443566,0
84.96044311489183,2.7476464978737125,36.37437520639361,0
76.54365656354058,2.708188731084456,33.25760995669753,0
69.44415329089544,1.436809191303343,24.311571647875915,0
72.7996862631982,3.883109777147159,28.99254233026241,0
58.74510952701623,2.9221628029871978,29.96739342385271,0
94.45751979616827,2.8195200864093746,32.99397194780955,1
71.29221181975228,6.19310756784486,33.34170244359041,1
71.09394794604893,3.298752908365686,26.32913100610752,0
77.25766623898691,2.2482089499048157,30.409977782067802,0
74.81009231736714,2.5736424037944565,32.28640202307621,0
72.23884024279131,4.148445709196755,37.279111610733835,0
62.09525544554688,3.1132704105377647,33.522532699123616,0
74.71468357135996,1.5617220216826333,33.945283436877595,0
88.82024496475034,3.9192289345752034,30.419133139646803,1
83.45420046154977,2.331855914461006,37.05229572601752,0
85.93186626639397,4.873297776217545,32.04881397979749,1
64.88784323568815,4.0800480657146485,25.694560449132148,0
60.10395179741419,2.5526781043412488,37.01684985062595,0
68.74213079900352,4.281016361735113,33.48951636269514,0
70.55724912288694,3.0678555105274032,27.784779894357587,0
80.94191518470949,3.8527736751222195,27.602535163003783,0
53.07535370285181,3.484732817294475,31.48287772570381,0
85.29550319460614,2.1536433450091264,32.31592397633792,1
68.4199210142101,2.356450167682538,30.986461328156032,0
65.7311893005258,4.029960817581161,31.556543367214424,0
59.87895624739832,2.665224667893459,38.4997868728819,0
53.451433281342304,2.5963515367580032,35.35771576117443,0
78.23170583961914,2.0448774206506473,30.95317795632512,0
70.73317967188405,3.423599065593461,34.70655290383742,0
57.10039100258946,5.062524919243145,24.837380482362303,1
57.04921227936384,1.9324670857457271,31.989635249734043,0
66.64215300709871,3.0242194566727583,39.04653174866555,0
86.69021525289392,4.412220555415429,28.90977052303813,1
67.40408648636395,2.920358608754285,25.761830356904575,0
54.96857046881894,3.452371796249734,26.7395555570347,0
67.54256935914056,1.9376064718531203,24.55183481328806,0
67.2727643025233,3.4283070972076484,26.076190459361484,0
43.03113357058429,2.812855734995451,28.147459507049856,0
69.45705133482188,3.985729995679863,22.97216490410679,0
67.69065469791322,4.187386051564751,30.078091669748016,0
76.96206364813418,5.589563642018614,34.51138586893324,1
88.48956094945345,3.5796331732135758,25.4612190992654,1
81.26565029547757,3.3257963165821662,37.59641961820884,0
67.3111130944517,3.194384301577336,32.55396044263797,0
58.934740912583294,2.6468337071893115,35.152902928120284,0
95.7335980324986,3.3384838434616912,26.710827230739316,1
70.59218434014488,2.7045985898609706,34.27262613533308,0
70.13929291912946,3.168460976269614,24.540330498023437,0
69.75874912889996,4.31759753560796,34.451237504182544,0
71.98084760767856,1.9934574347203589,30.859196698967658,0
68.55639588076058,4.139878561129045,32.76625609992392,0
64.26337993119763,4.3171150673398655,24.12202697187574,0
64.53141058759608,2.881931473008921,25.524650788616977,0
69.67246729784002,0.8781451009914054,32.98614109126692,0
64.56575228866235,2.3921780129055676,25.258259978878996,0
62.871542173228356,4.296994546561109,32.316031460495616,0
71.06430227691897,2.977131937701118,23.16431096769877,0
67.45022782579144,2.0006977677050894,34.240871063333344,0
85.0399298858269,2.4952250787717825,23.837383426157455,1
43.49030191606988,3.840620026504553,32.76149968839761,0
80.91506851922462,3.5467335682013794,33.12815466823,0
82.4608519249763,2.7610679008303056,26.516140907852126,0
49.2660976759185,2.6331755881853125,32.91013283542363,0
66.57312405919652,2.608241850956178,31.30221131666778,0
66.28559134004209,2.0775898155014976,27.30579071903631,0
55.924883052821784,4.615375689469442,24.95722657961896,0
62.22183312409125,2.67767953078866,20.186871541637103,0
58.894241545341714,4.217158520825496,31.748250236498468,0
87.52270443423623,4.521316051922451,22.175986143189725,1
79.35678393147461,3.9983108981479605,30.47672099720654,0
82.71555094994159,2.5683796872819515,28.682758919588753,0
77.21672064043236,3.4037300903366097,33.39571387719098,0
58.70948228782771,2.9758043936090837,28.48977250255068,0
64.75479733720226,2.096298139269872,28.35276106826454,0
74.89374561227918,3.3243592817216028,33.659353521441474,0
57.778721911080545,1.8209602088401975,31.675290145420586,0
77.12998430172388,4.1876793884615635,31.58077978591389,0
67.59674601841866,2.535382702701607,32.346337949042635,0
66.25179192450402,3.2011596558728392,22.32213938396447,0
77.10959968203491,3.283287871546142,33.78394339993491,0
74.4426331148604,2.741095026295923,33.062343970068014,0
66.3903383418092,3.586693801475275,24.916584357117515,0
81.59329803364248,2.5250963433774753,28.779597631628995,0
59.189366724001026,3.871297297457244,29.803463561861843,0
76.15935606944264,1.6540203197532515,29.327516077991337,0
75.93101257968384,3.1263795795464118,31.669299832842672,0
66.9045356068601,4.938928999058285,37.15683390915592,0
73.26133022242118,1.9996686753944253,35.40883363836414,0
57.488864236146966,2.3222550294751487,23.43890403284297,0
79.240270192069,3.513907849658915,33.110349951530246,0
68.15097863557011,3.179581781939598,36.644666597677045,0
64.7727697948096,3.3506300992735594,31.934042603446013,0
80.49009225836889,3.4891871301476636,35.454902125929834,0
62.95656309457241,3.6347214685617697,40.06135222850382,1
55.91538703636441,4.109699841956223,35.11854773053491,0
54.433708264760966,3.4098186569285125,31.246542978208645,0
76.0600995134564,2.7587423453814575,35.225442370423764,0
57.19570647503717,3.6725737012027313,30.724439165484455,0
87.54794181984364,4.899881934895216,30.119515216424777,1
49.18070592116278,2.8673662536174263,28.242928821431338,0
86.96456368290038,2.0254706953293584,37.81706679416054,1
72.11017467202619,4.107080669286972,25.907856670289995,0
69.03286888129608,2.8796188360464017,37.66183862339058,0
64.5508091319105,0.8273304539859638,32.49932061870186,0
73.9913611435207,3.8474216771504217,23.003469125990293,0
69.62365297575151,2.4646718140460773,31.83824646495711,0
81.03301882016521,2.9094667176958393,19.49986746174188,0
71.1422764866204,3.3319803305690145,33.12754008415518,0
71.50301761461877,3.1904996797790663,34.42615741494495,0
66.36387787786144,3.7094518171390396,27.03822022173973,0
69.43054376278933,2.5645136294301567,30.617738479777913,0
73.0780176889206,3.513105798176083,39.77078716875143,0
52.89831607343375,2.7404533224160827,27.471266478690318,0
56.518145778942866,3.738810480887503,24.705462064716997,0
77.43264094022715,3.6153674840130536,37.40831701231299,0
71.70865438127942,2.0645612979554047,39.81293595265397,0
68.1601666364732,4.085982116175032,30.018478359239236,0
70.18433933065393,2.464036554885952,35.05731517704178,0
73.47581705361671,3.808057798281145,36.70737957765441,0
64.60240319690638,3.3672873134013406,26.28757883730808,0
62.216952745976876,4.838183676795122,27.57347082316066,0
71.95845255097682,2.7765340176281477,36.15437256577368,0
60.21627222384968,2.6506832038818025,38.425071393542545,0
74.08252755714472,2.9805803941122675,32.81440430087177,0
52.9741639576216,2.6968202171657247,25.60092823248973,0
80.29155637325644,3.79994190194205,39.935305558497205,0
74.72597482413043,1.383689391563412,27.345145510940178,0
72.56029734313876,1.946317580853646,28.32431109414274,0
79.82690983945514,1.932197078420807,31.711689172448107,0
86.65474444462576,3.9503075919735755,37.77080210357387,1
80.1437006501813,4.710613372581925,34.26987988276112,0
51.59125768668355,2.8955507814625285,32.07432750180955,0
57.204230332642986,2.8311782768099896,32.31644265059053,0
63.75181422304321,3.070052163113181,30.21757334321733,0
70.26091050210833,4.161878302608191,32.790697572592535,0
75.17659020469122,2.0726468658094257,17.352199611528484,0
62.742561868465344,3.238368982734785,28.516962704651007,0
71.86766764477078,3.97519762978243,31.206609674583905,0
62.44617067646678,3.5010941699398455,24.244929581902465,0
63.884821970080516,3.189581616598743,31.9316165890578,0
55.93338903151778,4.001046092567141,28.97764389506939,0
60.76766753889096,0.2967677070007628,38.77737849157745,0
56.48315394383666,3.6778753195309077,37.865098626074285,0
60.241267470226674,2.3459243168725763,27.670972154409185,0
80.5364179660784,1.169367103143543,29.245811442166524,0
60.50601111168057,3.5112025995249807,29.630262171958037,0
96.32382064837391,4.373658545162957,27.741702619201888,1
74.93317900880889,2.862551485372308,30.975124920140633,0
71.84836123694873,3.952874547202939,26.20858965556205,0
61.41642219818787,4.612278257988645,24.346923325312368,0
77.00309879408991,4.314914453584048,33.11355611950134,0
64.24362173762226,4.639964529371393,33.147647921109055,0
71.22009814645361,3.7421274910718925,25.978421201700037,0
95.60084538268795,3.075433638901593,34.476777153812996,1
69.03940100275351,1.3980341881028315,26.842111354173344,0
81.49273326285676,2.7539375118700513,31.265826190189905,0
62.96823574874112,2.1567534046838084,34.10172006306228,0
69.65011509503039,5.170942717497814,29.831937176481436,1
87.7080063563551,2.8241141875676634,32.273704560705674,1
63.730329422122324,3.1232048067844858,27.417851780562142,0
88.12448557996929,3.5514853760404677,29.017667082859514,1
77.07751935455475,3.0436024463724536,28.970702845598296,0
64.37533224105732,4.695051040430753,26.267108267298806,0
76.3240773905552,2.377350638265548,29.11612918442109,0
79.7255444962673,3.1946074552372425,22.256908505681267,0
76.21809962217196,2.2575294143019518,27.544231264289476,0
54.297752801095434,1.6799774887792942,28.575622533151645,0
62.728628241751316,2.3882309090947147,28.7191012375231,0
67.52481364448495,2.9629632029515878,28.792512770646105,0
69.25566570899954,2.5706977754827403,29.691179000699357,0
76.20672097550678,2.307579020126144,32.39720759043032,0
71.77701000933254,1.5936825363281661,34.37258537066261,0
56.64655641289899,2.916894427371305,26.751173865758666,0
73.80197851005963,1.4952796259689978,23.983995723054278,0
76.10585745283824,3.7600559636896027,24.789777938784486,0
75.5979044793104,3.082439752934503,27.563985394025366,0
80.80780725554622,1.5424485005350694,28.240393410917456,0
78.33922154548904,2.6907909229501366,26.150019669012714,0
74.59180079228437,2.247843594409417,23.519416678750527,0
69.29834288541353,3.3191745104191805,27.71939586262906,0
53.39039066484008,4.340450446023144,30.907133100569858,0
74.29618219132585,1.1248275303542554,32.97514732917782,0
72.07687687163111,3.1150260791474174,27.212884734458395,0
72.71578837195374,2.8398672044333595,27.93501088928283,0
57.232514241796906,3.671340076450466,25.366508455763444,0
59.189434595917376,3.2131966282376894,29.842804148126117,0
80.53152853332904,2.248030668261181,25.757856829045927,0
69.60444846143345,2.680946064333382,32.865639066206,0
76.81500697372624,2.203974143196511,21.070667540329445,0
70.28318376130461,4.076007138598598,28.20185163773769,0
70.29756139495746,3.0213116486719422,31.50553669595871,0
79.38283805975998,4.901190685753008,30.91917258161252,0
64.83955271782627,2.939339186185379,43.46516831990248,1
70.96120776940984,2.291593233089537,31.749000122839536,0
65.37724711294958,1.4862856073871729,24.979727015789948,0
65.65503772567685,1.196860323744055,29.522678764554634,0
66.90827876531361,1.4158640569945102,21.11876833266774,0
72.22133771633713,3.2671266510114836,29.597001253516197,0
65.21251378336522,3.5087250232299336,25.834719714996208,0
82.55756125573521,1.4188092979678666,34.57695137780081,0
61.05392697780496,3.8950383140761153,27.252298627022327,0
68.13128355838641,2.5169389483165605,29.416170421023768,0
65.60268941725825,3.146793011985549,26.822210792977984,0
84.46977884353733,4.612220628255424,38.69425675926666,0
71.96554776511574,3.896839315865532,28.39378616941044,0
80.31844539468635,2.7314693520941677,39.16278521739601,0
55.14439626963028,2.1088077745847125,34.07075881059133,0
72.67050265869258,0.8481845986706951,32.41033363667693,0
78.89630795623437,2.28084668075758,31.8436657365876,0
70.82283989275425,2.7888697611723057,31.968986491081257,0
80.65480375065351,2.012820472848816,20.36163710327195,0
64.82711549899628,2.8687430329076955,28.60558302924622,0
84.0934744018558,3.0768518829587683,34.225789855921604,0
92.9889812361925,2.7751440181919214,29.75551408262947,1
66.37161439560342,2.3499974191765403,22.974050765982124,0
65.54497478599228,3.1686546719667277,29.73797774711265,0
84.533844771177,3.441940649569409,38.520527581277456,0
85.79572145730712,1.909600922557154,36.2344585776736,1
64.77139972846732,4.41093237974627,29.689979953169843,0
65.79813182904142,2.9014118677157383,34.75724638529043,0
67.18215391139493,3.0188496229448476,28.16746489815974,0
56.555494889657226,3.7082144232565573,21.480642065866405,0
60.81348053515802,3.2332161312635015,25.377670059352226,0
59.95859233247932,3.953136633913245,37.81444384254099,0
62.32202434895871,3.287124165201824,28.63003459085348,0
69.65315112613219,2.3875626253595623,28.78308010312491,0
72.3421473253652,3.3615035252061016,28.500809018625596,0
85.50500492814076,1.8562737926793382,39.52068294786503,1
60.016459592612094,3.108559705776523,38.12979457681031,0
79.84322398476584,2.9667700093555394,41.09390116724067,1
67.86011155774491,2.7918831427274604,29.204773947999744,0
69.50536290347567,2.871462488561069,31.478122443735476,0
76.74819492166604,1.118150954502361,22.416787252896043,0
58.772779784377015,2.4512750922590385,37.38467213059137,0
73.82409746184051,3.0928449011411145,24.161102243660324,0
71.66452208213056,3.1598563919974003,31.083877818813146,0
74.92451264008149,1.9723248590740419,24.51348736183578,0
72.89168643907819,4.2657078408647005,27.05566586630652,0
94.55300139910895,2.133825151785499,25.8136878447515,1
63.62260015748684,3.969457200526737,26.96062369662091,0
64.69003044998182,3.4271943618716847,27.304386484255108,0
63.76859473575236,2.353772690156197,27.258656025374613,0
64.44522880839746,4.775310892609512,34.16666955890153,0
63.62612872693482,1.80636316824352,24.4756860346874,0
81.89016531107552,3.9191541736100017,31.102707135069334,0
84.20504247989855,4.000582318042978,36.089795761527796,0
64.29253706250523,2.329379790923355,27.43401817743302,0
61.67644426895771,4.392465300064329,26.41040554626199,0
74.71415556386404,2.749953485401047,28.847376874098746,0
64.47776955719029,3.288693629279857,35.89862604180355,0
76.32931817755511,3.2603218387712207,30.97053815476679,0
72.029230208513,2.865691258529452,27.343928526962006,0
54.84255885002768,3.810808273159782,32.4193832559402,0
85.47505201330061,3.793488720552213,24.488539250817883,1
87.95877673095522,1.2514680267618192,33.40679755221474,1
63.87211309515614,4.304340242878153,32.04303653850884,0
66.12298440064016,1.3375080119643257,28.46095764430558,0
72.85865390724905,4.032546204341657,25.807071007763845,0
73.34456789987026,4.126705136827583,25.566595388582712,0
76.5854427267283,1.9090335697848018,32.67408668172955,0
90.1020453876635,2.589185712045415,36.14490251244531,1
68.2305277250595,1.8942953315140643,26.813461264856027,0
62.01702755461546,2.7850789697112646,32.29193351775742,0
56.20680771985473,2.6919657158142587,19.564864906989655,0
62.69069960058081,3.77966053226934,27.076911346714002,0
69.66873027126204,4.310308746119608,29.84470533564549,0
87.94557863517788,4.395683810789956,25.45158291509083,1
64.82388700963828,2.437831973421698,25.31746812605202,0
72.23787951638899,2.7907781262554723,26.661102217655568,0
69.83577103927247,1.3165618077790497,31.460963641631867,0
81.88393273448084,2.1941299335038114,29.063354907968126,0
95.26932425873622,3.9648516330974575,18.80884383337514,1
64.6913122707968,4.615582823548232,19.396499236824667,0
65.10560557481777,1.765651128120078,26.965674110714122,0
80.44160877069072,2.4075357408471056,32.28843293026776,0
76.81891489626311,2.973594243041073,16.262475786373827,0
88.46707325736034,3.280161158819607,27.501349119241848,1
75.83928185325964,2.1903964800783537,27.368760717412894,0
66.40707909212941,3.4240610444640898,36.94168889104224,0
75.9065483069231,2.526160652929084,28.074890941435683,0
81.08703580582907,2.9855477291217207,31.914944923704642,0
78.20482181197364,3.5462842480036993,30.706285700437316,0
75.07274031107298,3.0064222698109377,19.347167600964,0
80.66674689589154,2.5636141094734315,33.841036083158684,0
81.69295590445672,2.8903901960741694,31.07698252728144,0
83.82158991037527,2.911637040794665,32.54134319837295,0
76.48709887589642,2.6299889701178722,49.63118853218163,1
68.32881919683146,2.7412039373328976,19.579435302507058,0
71.46713686433323,4.598647170504717,38.62348324880554,0
82.06508966508358,3.560919447941239,28.56276240299822,0
61.83064329012764,2.7045196819708397,31.436644522015047,0
73.68673308872901,3.696954404510736,29.77243877349379,0
66.0666118767264,2.66618051024399,27.878818333009782,0
70.28744822934817,4.173124637586641,27.150835358806205,0
82.78451862607298,3.3696421921980937,31.647543677865045,0
71.91099068019903,2.8926978559957712,22.414131516641604,0
70.46436548156149,3.4477169258102776,33.752895837608826,0
56.40143859020081,1.4291238479315007,27.91902797557373,0
77.46253566027221,1.8732325310901947,24.34965330479821,0
76.45484181141076,1.8060749936009446,27.74993571002093,0
91.6325472330546,3.142943094763707,36.28574608431286,1
66.92221765046999,4.732514999485092,27.323324564918885,0
72.1915032766394,5.231300146192632,31.7922680910481,1
72.49383683710755,3.638051101440757,26.34521862142263,0
85.77453279763475,3.500844474944457,33.789609249618096,1
69.04704467613048,1.198942265847261,33.42753869395102,0
72.7902152577034,2.457326200265978,39.24304416648206,0
76.0789650971654,2.212216248091761,29.122180272503922,0
71.86609123156359,2.379152401748884,33.34327402378953,0
65.53566385449471,2.8318561814152106,30.490337697694724,0
71.94089992898307,2.527909422302873,36.479358909315074,0
80.73631749859771,1.0207001896242123,26.40583806195635,0
59.7348470058894,3.747910256117534,33.725026564386404,0
71.32969674146877,1.9272569742601935,29.026513519416593,0
62.99879185060827,3.2392468641111494,29.679059114457512,0
81.95046628924842,5.0740826697499735,30.458762422241865,1
54.76813095216225,2.0806154084135766,31.261201982133386,0
64.41078152728412,0.46971247725367027,29.41885478439021,0
73.7721187506452,2.713995778119889,31.073565915852633,0
85.65524029234341,4.100959634998571,37.89059028781092,1
69.34249738927012,4.958347454220593,34.92724842807609,0
64.44800473306802,1.7704504055475832,34.34577296248448,0
88.8115706944059,3.4966992232365217,27.722302369880648,1
55.51986099583756,2.5346895432199466,25.55379585885838,0
48.01194043379918,2.8940516456958645,34.77650279118876,0
74.40014450053333,5.644343347017035,34.38023396264897,1
64.97945775647389,1.4970296716048468,37.36335337875491,0
59.787671828692865,3.2537396614945733,26.98009687015385,0
77.08356447299353,3.467693171765433,28.852256723198266,0
72.43800713771199,4.085786324939347,21.802579187372828,0
64.35921369263272,3.0979831534708953,28.037644469695636,0
57.19695601329106,3.3080505395041024,34.982852552897235,0
78.72457328280144,2.6083514325782087,27.66752310385901,0
76.50201177958661,3.269126941245107,33.20239897600412,0
69.00824136220618,2.6568077245025896,29.047484470010943,0
88.46636996047665,3.621571889856051,31.620285141107804,1
59.29915233673847,2.630389663956366,24.261543050921663,0
54.74474829075261,3.3771003939021864,30.426047248169507,0
63.080919301187556,2.970737186315022,15.044320145496384,0
69.54413983644503,4.126050250772169,29.065519209190075,0
72.43339449322691,2.948606276411514,21.8476337814243,0
67.5876394214367,1.2269675317931186,36.02997258273408,0
73.52055396514297,4.261921500713992,33.88703676382256,0
57.48460575809556,2.094267699137381,32.333354909830405,0
84.4376460407326,2.3462336613511803,37.6050311357969,0
69.17848821607431,2.404338705956508,25.255417395875813,0
81.17295831588127,4.374438093170817,38.73681598957779,0
73.42725346377703,0.8643257860213045,34.66095782130192,0
74.56753219153784,6.137748533659994,28.81722356390527,1
75.69767280232205,4.056056809066051,35.67810073591472,0
74.47708560017315,3.2232389141291597,24.46853243794183,0
76.42722759867544,2.9451059993837134,25.87742919236163,0
83.29152530132431,3.285554074857657,26.9570513838015,0
71.9652116970147,3.5211224283793383,27.355111459679925,0
77.09003757588512,3.645215585950057,24.717211786198735,0
69.10264305712774,3.5556044660034485,36.11541533547663,0
84.40117215449473,3.089580681255249,28.70572799815084,0
63.2360769794073,2.802661579692674,31.762524841784398,0
88.00940432910815,2.8487267163464884,27.148243167931597,1
69.59842049355656,2.805091719647319,20.896983497257416,0
55.69224897881952,4.133770096867065,31.35028679195711,0
71.2810441491079,3.5935567222808618,20.438725122901115,0
63.18948342525119,0.05961136533571976,29.656829769572656,0
78.40643548988724,3.655900776529761,23.15842480583595,0
63.47376020697609,3.1947361947187747,39.93637999615404,0
65.5381656678522,2.981291243554103,34.55681361087361,0
51.10459269054469,2.611481546911114,30.528768956357403,0
65.47693680750923,4.124112719986013,36.318533388273345,0
45.76120673371044,3.947526462122858,25.768420112671322,0
54.16097176514277,2.227122332176391,32.71739689335047,0
77.60414656144297,3.407052287124535,30.99905216859357,0
77.85800158650832,2.028343265458714,31.32010040666835,0
74.25457561784965,1.6203818352110695,36.36176750053384,0
60.33023856870787,2.373282775410035,33.66246051389901,0
69.5228864385802,3.8623934723827587,31.443618314125118,0
69.96397460909432,3.953125045376087,21.72556281885852,0
58.416353108074574,3.513085420097293,25.199768523602682,0
85.0339830176715,3.725095786847997,29.38645533202138,1
78.77362290575671,3.5161782871149585,30.466861871383255,0
67.79035826170336,2.3585184047770476,24.34898137663038,0
70.26885838994531,3.4319225446739408,42.058383377892106,1
72.08382807947552,3.8004095252276824,37.58197027626787,0
49.58265131575709,3.754291329813574,33.01059160196242,0
67.52822617479403,4.1889133714746425,30.360184306418724,0
63.180157520022014,3.708303847201064,28.93895515049424,0
59.983799901050844,3.351448207541583,25.24040769988882,0
67.18899707114045,4.070150238316428,30.387402592594313,0
87.97686526849523,2.9734787407509398,31.288762700713754,1
76.4084286126701,2.118125348772282,23.79119712259188,0
64.28821010217203,2.836933036056236,31.670882086224488,0
75.72582781356158,2.255097355193551,29.223704755876255,0
